common_name,scientific_name
Wren,Troglodytes troglodytes
Robin,Erithacus rubecula
Chaffinch,Fringilla coelebs
Woodpigeon,Columba palumbus
House Sparrow,Passer domesticus
Blackbird,Turdus merula
Pheasant,Phasianus colchicus
Blue Tit,Cyanistes caeruleus
Great Tit,Parus major
Dunnock,Prunella modularis
Willow Warbler,Phylloscopus trochilus
Meadow Pipit,Anthus pratensis
Starling,Sturnus vulgaris
Greenfinch,Chloris chloris
Skylark,Alauda arvensis
Jackdaw,Coloeus monedula
Goldfinch,Carduelis carduelis
Song Thrush,Turdus philomelos
Blackcap,Sylvia atricapilla
Chiffchaff,Phylloscopus collybita
Whitethroat,Sylvia communis
Carrion Crow,Corvus corone
Redwing,Turdus iliacus
Rock Dove,Columba livia
Swallow,Hirundo rustica
Coal Tit,Periparus ater
Magpie,Pica pica
Collared Dove,Streptopelia decaocto
Rook,Corvus frugilegus
Fieldfare,Turdus pilaris
Fulmar,Fulmarus glacialis
Yellowhammer,Emberiza citrinella
Pink-footed Goose,Anser brachyrhynchus
Goldcrest,Regulus regulus
Guillemot,Uria aalge
Puffin,Fratercula arctica
House Martin,Delichon urbicum
Kittiwake,Rissa tridactyla
Brambling,Fringilla montifringilla
Hooded Crow,Corvus cornix
